fast, ['MoreBreakfast platters, Soups, Salads, Deli Sandwiches/Wraps.', 'Our Breakfast and Lunch menus offer healthy starts, sweet treats, filling sandwiches and fresh salads.', 'I bought fastelavnsboller and spandauer, and it was so good – tasted exactly like it should, and I was even able to read Billed Bladet in your café.', 'Our proprietary coffee blend has our loyal customers coming back daily out for that "just right" Demet\'s flavor.Our delectable Homestyle Breakfast Sandwiches are pure Griddled Goodness.Made using the finest Fresh Cracked Eggs.Start your day the right way at Demet\'s!']
select, ['La Cascias \xa0is acclaimed for its wide-ranging selection of deli sandwiches & bakery Items.']
bake, ['La Cascias \xa0is acclaimed for its wide-ranging selection of deli sandwiches & bakery Items.', 'The food, the bakery, the cakes and friendly environment are something that everyone should experience.', 'We look forward to meeting you!All of our breads are baked fresh daily using only the freshest.', 'Morewe bake our pastries fresh every morning with the freshest.', 'No added preservatives will be found in any of the things we bake, and we strive\n                            to source our ingredients locally using farmers and growers who practice the purest growing\n                            initiatives.', 'Because your\n                            health matters to us, our products are baked freshly for you every day!', '“\n                                I wanted to take a moment and let y’all know that of all the bread companies and\n                                bakeries I have worked with in my tenure as a chef, you guys are truly the best.', 'Whether you’re celebrating a special day or simply indulging in a sweet treat.“It is easy to tell that The Danish Pastry House is so much more than “just a bakery” – it is a place the staff really care about, – this shines through in the vibe at your place, as well as in your products.', 'Very unique!”Søren Olsen“I just wanted to let you know that, as a Dane, I was so excited to see that there is a Danish bakery fairly close to where I live.', 'I will also make sure to tell my colleagues here about your bakery and café, so that they can get a taste of what a real Danish is.”HyperText Books“Thank you again for providing such a generous sampling of your pastries.', 'We enjoy seeing and hearing customers speak proudly of their experiences over the years in our bakery.', 'Every bite makes you want to dance$ 10.99$ 7.99$ 7.99$ 10.99\n              Sumptuous delicious food baked in open ovens with spices\n            Optimism is the faith that leads to achievement.', 'Always continue the climb.© 2019 Oasis Cafe & bakery medford.']
store, ['La Cascia’s is a unique store to say the least.', 'Place your order for a date\n                                    you need in the future.reliable packing and worldwide shipping.The following shipping options are available depending upon the delivery.enjoy a cup of coffee with our\n                                    amazing breads.We store our bread at room temperature in a dark, dry place.', 'We will have a pre pay feature soon for you to purchase online and pickup in our store for a smoother checkout experience when\n you get here.', 'We will have a pre pay feature soon for you to purchase online and pickup in our store for a smoother checkout experience when\n you get here.', ">In-store, in the app or through email - there's always a reason to give someone a DD Card.", "©2019 DD IP Holder LLC\n\n\n\n\n\n\n\n\n\n\n\n\n\n\n\n\n\nTo help you explore our products and service, we've\n                                 provided a sample store.To further customize your experience, you can change\n                                 this store at any time.Stores you've recently shoppedHere are some stores near Sorry, it looks like we can’t get your location and you have no recent visits to a Wegmans store."]
end, ['The food, the bakery, the cakes and friendly environment are something that everyone should experience.', 'We recommend that you eat your bread at its peak of freshness.', 'For bread that you\n                            will eat same day or next, just leave the loaf on the cutting board with the cut end down.', 'Place your order for a date\n                                    you need in the future.reliable packing and worldwide shipping.The following shipping options are available depending upon the delivery.enjoy a cup of coffee with our\n                                    amazing breads.We store our bread at room temperature in a dark, dry place.', '“\n                                Lacascias Bakery Bread Company is one of the best vendors we have.', 'Our proprietary coffee blend has our loyal customers coming back daily out for that "just right" Demet\'s flavor.Our delectable Homestyle Breakfast Sandwiches are pure Griddled Goodness.Made using the finest Fresh Cracked Eggs.Start your day the right way at Demet\'s!', "Find it here for all our great-tasting menu options.LOCATIONSRestaurant LocatorFIND CLOSEST DUNKIN'®Get directions and details on the Dunkin'® nearest to you!SHOPMerchandise & SubscriptionsBOTTLED ICED COFFEEFIND YOURS >Bottled Iced CoffeeLearn more about our delicious, ready-to-drink iced coffee and where to buy it.Dunkin'® at HomeFind a grocer near you that carries your favorite varieties in bags or K-Cup Pods®.CreamersFind a grocer near you that carries your favorite Dunkin'® Creamer.DD CARDGift Cards, Register Card & Add ValueGET A DD CARDGIVE SOME LOVEGet a DD CardPersonalize a DD Card for someone special—then send it instantly.Check Balance or Add Value Make every Dunkin'® run easier by loading value on your DD Card.Register a DD CardMake sure your balance stays where it belongs—on your card.Manage AccountMake changes to your account and DD\xa0Card easily.", "CareersCareersSee how your career at Dunkin'® can be filled with endless opportunities...and coffee.Apply NowWorking at a Dunkin'®, you can be rewarded for serving guests and keeping them running.Corporate OpportunitiesLearn more about careers with Dunkin'® Brands, the franchisor of Dunkin'® and Baskin-Robbins®.Points You've\xa0EarnedPoints to FREE\xa0BEVERAGERewardsOUR FASTEST PERK YET: ON-THE-GO MOBILE ORDERINGNot a DD Perks member?Already have an account?"]
offer, ['Our menu also offers traditional deli sandwiches, made from scratch soups, salads, and scrumptious desserts served in a warm nostalgic atmosphere.', 'For people who suffer\n                            from allergies we offer a delicious range of wheat and yeast free products.We strive to care for you and the environment we live in.', 'For people who suffer\n                            from allergies we offer a delicious range of wheat and yeast free products.', 'Our Breakfast and Lunch menus offer healthy starts, sweet treats, filling sandwiches and fresh salads.', 'We’re excited to work with you and to offer such delicious fare to our customers.”617-926-2747Customer Service617-231-0665 Faxdphorders@gmail.comMonday - Saturday7:00 AM - 5:00 PMSunday8:00 AM - 2:00 PM205 Arlington St. #4Watertown, MA 02472Get In Touch\nName\n\n\nEmail Address\n\n\nMessage\n\n\n4 + 1 = \n\nFirst Name\n\n\nLast Name\n\n\nEmail\n\n\n\n\nSubscribe\n\nNEED HELP?WholesaleRetailCateringCakesMEET\xa0USAbout Us Order Guidelines OrderFOLLOW US© Danish Pastry House | Powered by INDUSTRY11Over 150 years of\xa0"Old World"\xa0Italian recipes, methods, and experience.Modern Pastry cakes, cookies, candies, and pastries have been a part of Boston area gatherings for many generations.']
free, ['For people who suffer\n                            from allergies we offer a delicious range of wheat and yeast free products.We strive to care for you and the environment we live in.', 'If you buy loaves to freeze, it’s best to do it while the bread is still fresh.', 'For the best\n                            result, and to prevent freezer burn, tightly wrap each loaf in plastic wrap, and seal in a\n                            good quality freezer bag and plan to consume your bread within a month.', 'You can also freeze\n                            pieces of fresh bread that you don’t finish right away, to come back to them later in the\n                            week.', 'To defrost your frozen bread, remove it from the freezer.Spoil yourself with our breads natural flavor!', 'For people who suffer\n                            from allergies we offer a delicious range of wheat and yeast free products.', 'For longer storage,\n                            freezing is an excellent option.', 'Just wrap the loaf well in a plastic bag and freeze it.']
product, ['For people who suffer\n                            from allergies we offer a delicious range of wheat and yeast free products.We strive to care for you and the environment we live in.', 'Our containers are\n                            made of recycled paper and we try to recycle as much of our own waste as we can.Our well known and loved products come to you, impeccably arranged and ready to serve.', 'Lacascias Bakery Bread Bakery products are hand-made with only the finest ingredients and natural\n                            starters.', 'For people who suffer\n                            from allergies we offer a delicious range of wheat and yeast free products.', 'Because your\n                            health matters to us, our products are baked freshly for you every day!', 'Excellent product, with an\n                                excellent price, and the service is over the top.', 'Whether you’re celebrating a special day or simply indulging in a sweet treat.“It is easy to tell that The Danish Pastry House is so much more than “just a bakery” – it is a place the staff really care about, – this shines through in the vibe at your place, as well as in your products.', "©2019 DD IP Holder LLC\n\n\n\n\n\n\n\n\n\n\n\n\n\n\n\n\n\nTo help you explore our products and service, we've\n                                 provided a sample store.To further customize your experience, you can change\n                                 this store at any time.Stores you've recently shoppedHere are some stores near Sorry, it looks like we can’t get your location and you have no recent visits to a Wegmans store.", '{{item.brand + " " + item.productLine}}{{item.name}}Not Available\n                    CANCEL\n                \n                    CONTINUE\n                Create Online accountYou must have at least one item on your Shopping List to use Personal Shopping.']
last, ['For the best\n                            result, and to prevent freezer burn, tightly wrap each loaf in plastic wrap, and seal in a\n                            good quality freezer bag and plan to consume your bread within a month.', 'Under good\n                            conditions the breads will last for about a week at room temperature.', 'Or keep it wrapped in a paper bag or cover loosely with a plastic bag.', 'Just wrap the loaf well in a plastic bag and freeze it.', 'Rest assured that I will be visiting you again and again during my last year here in the US.']
shipping, ['Place your order for a date\n                                    you need in the future.reliable packing and worldwide shipping.The following shipping options are available depending upon the delivery.enjoy a cup of coffee with our\n                                    amazing breads.We store our bread at room temperature in a dark, dry place.']
top, ['Excellent product, with an\n                                excellent price, and the service is over the top.']
shop, ["Come visit the shop\n\tand see what other's are talking about.", 'Note:\n\xa0 At this time out shopping checkout cart is under construction.', 'All rights reserved.HOMEOUR STORYCAKESPIESPASTRYCOOKIESCONTACT USMoreFrom the smallest coffee shop to five star hotels, the Danish Pastry House is committed to helping our Wholesale Partners succeed.', 'From the smallest coffee shop to five star hotels, the Danish Pastry House is committed to helping our Wholesale Partners succeed.Need to feed a crowd?', "Come visit the shop\n\tand see what other's are talking about.", 'Note:\n\xa0 At this time out shopping checkout cart is under construction.', "©2019 DD IP Holder LLC\n\n\n\n\n\n\n\n\n\n\n\n\n\n\n\n\n\nTo help you explore our products and service, we've\n                                 provided a sample store.To further customize your experience, you can change\n                                 this store at any time.Stores you've recently shoppedHere are some stores near Sorry, it looks like we can’t get your location and you have no recent visits to a Wegmans store.", "Create new accountThe number can be found on the front of your Shoppers Club card or back of your keytag.If you've misplaced the Shoppers Club card or keytag, contact Customer Service at: 1-800-848-1555 or shoppersclub@wegmans.com Monday - Friday 8 am-6 pm, Saturday & Sunday 8 am-5 pm Create new accountAlready have an online account?", "Sign InThe number can be found on the front of your Shoppers Club card or back of your keytag.If you've misplaced the Shoppers Club card or keytag, contact Customer Service at: 1-800-848-1555 or shoppersclub@wegmans.com Monday - Friday 8 am-6 pm, Saturday & Sunday 8 am-5 pm \n\n                            6am to midnight, 7 days a week\n                                \n339-221-5700\n339-221-5700\n\n339-221-5705339-221-5760339-221-5730339-221-5725339-221-5740339-221-5710339-221-5790 - Alcohol can be purchased until 11:00pmCopyright © Wegmans Food Markets.", '| \n\n                    Prices displayed in Instacart are increased to cover the cost of shopping your order.']
pickup, ['We will have a pre pay feature soon for you to purchase online and pickup in our store for a smoother checkout experience when\n you get here.', 'We will have a pre pay feature soon for you to purchase online and pickup in our store for a smoother checkout experience when\n you get here.']
feature, ['We will have a pre pay feature soon for you to purchase online and pickup in our store for a smoother checkout experience when\n you get here.', 'We will have a pre pay feature soon for you to purchase online and pickup in our store for a smoother checkout experience when\n you get here.']
sale, ['All rights reserved.HOMEOUR STORYCAKESPIESPASTRYCOOKIESCONTACT USMoreFrom the smallest coffee shop to five star hotels, the Danish Pastry House is committed to helping our Wholesale Partners succeed.', 'From the smallest coffee shop to five star hotels, the Danish Pastry House is committed to helping our Wholesale Partners succeed.Need to feed a crowd?', 'We’re excited to work with you and to offer such delicious fare to our customers.”617-926-2747Customer Service617-231-0665 Faxdphorders@gmail.comMonday - Saturday7:00 AM - 5:00 PMSunday8:00 AM - 2:00 PM205 Arlington St. #4Watertown, MA 02472Get In Touch\nName\n\n\nEmail Address\n\n\nMessage\n\n\n4 + 1 = \n\nFirst Name\n\n\nLast Name\n\n\nEmail\n\n\n\n\nSubscribe\n\nNEED HELP?WholesaleRetailCateringCakesMEET\xa0USAbout Us Order Guidelines OrderFOLLOW US© Danish Pastry House | Powered by INDUSTRY11Over 150 years of\xa0"Old World"\xa0Italian recipes, methods, and experience.Modern Pastry cakes, cookies, candies, and pastries have been a part of Boston area gatherings for many generations.']
terms, ['We practice transparency with our staff in terms of our books, our business model and our growth model.']
everything, ["This error was generated by Mod_Security.Click here to view our Online Terms of Use and Privacy PolicyAcceptPoints You've\xa0EarnedPoints to FREE\xa0BEVERAGENot a DD Perks member?MENUFood, Beverages & Nutrition ESPRESSOSIPPING ISBELIEVING >Food and DrinkFresh-brewed beverages & tasty snacks—plus everything in between.Dunkin' Delivers!"]
